indicator | TrendsFollowers @ GBPSGD,60 | Sell
indicator | TrendsFollowers @ EURNOK,60 | Buy
indicator | TrendsFollowers @ EURCZK,60 | Buy
indicator | TrendsFollowers @ GBPSGD,60 | Sell
indicator | TrendsFollowers @ GBPNZD,60 | Buy
indicator | TrendsFollowers @ GBPSGD,60 | Buy
indicator | TrendsFollowers @ GBPSGD,60 | Buy
indicator | TrendsFollowers @ GBPPLN,60 | Buy
indicator | TrendsFollowers @ CADSGD,60 | Buy
indicator | TrendsFollowers @ GBPCHF,60 | Buy
indicator | TrendsFollowers @ AUDCHF,60 | Buy
indicator | TrendsFollowers @ CADSGD,60 | Buy
indicator | TrendsFollowers @ CADSGD,60 | Buy
indicator | TrendsFollowers @ CADSGD,60 | Buy
indicator | TrendsFollowers @ EURNOK,60 | Buy
indicator | TrendsFollowers @ GBPNZD,60 | Sell
indicator | TrendsFollowers @ GBPNZD,60 | Sell
indicator | TrendsFollowers @ GBPNZD,60 | Sell
indicator | TrendsFollowers @ GBPUSD,60 | Buy
indicator | TrendsFollowers @ GBPUSD,60 | Buy
indicator | TrendsFollowers @ EURZAR,60 | Sell
indicator | TrendsFollowers @ EURPLN,60 | Buy
indicator | TrendsFollowers @ EURZAR,60 | Sell
indicator | TrendsFollowers @ EURPLN,60 | Buy
indicator | TrendsFollowers @ EURSEK,60 | Buy
indicator | TrendsFollowers @ EURCZK,60 | Buy
indicator | TrendsFollowers @ CADHKD,60 | Buy
indicator | TrendsFollowers @ AUDSGD,60 | Buy
indicator | TrendsFollowers @ AUDSGD,60 | Buy
indicator | TrendsFollowers @ AUDSGD,60 | Buy
indicator | TrendsFollowers @ AUDSGD,60 | Buy
indicator | TrendsFollowers @ AUDSGD,60 | Buy
indicator | TrendsFollowers @ AUDSGD,60 | Buy
indicator | TrendsFollowers @ AUDSGD,60 | Buy
indicator | TrendsFollowers @ EURHUF,60 | Buy
indicator | TrendsFollowers @ EURHUF,60 | Buy
indicator | TrendsFollowers @ EURHUF,60 | Buy
indicator | TrendsFollowers @ AUDUSD,60 | Buy
indicator | TrendsFollowers @ AUDUSD,60 | Buy
indicator | TrendsFollowers @ AUDUSD,60 | Buy
indicator | TrendsFollowers @ AUDUSD,60 | Buy
indicator | TrendsFollowers @ AUDHKD,60 | Buy
indicator | TrendsFollowers @ AUDHKD,60 | Buy
indicator | TrendsFollowers @ AUDHKD,60 | Buy
indicator | TrendsFollowers @ AUDHKD,60 | Buy
indicator | TrendsFollowers @ EURDKK,60 | Buy
indicator | TrendsFollowers @ EURDKK,60 | Buy
indicator | TrendsFollowers @ EURDKK,60 | Buy
indicator | TrendsFollowers @ EURHUF,60 | Buy
indicator | TrendsFollowers @ EURHUF,60 | Buy
indicator | TrendsFollowers @ GBPJPY,60 | Buy
indicator | TrendsFollowers @ GBPJPY,60 | Buy
indicator | TrendsFollowers @ GBPJPY,60 | Buy
indicator | TrendsFollowers @ CADJPY,60 | Sell
indicator | TrendsFollowers @ CADJPY,60 | Sell
indicator | TrendsFollowers @ CADJPY,60 | Sell
indicator | TrendsFollowers @ EURHKD,60 | Sell
indicator | TrendsFollowers @ EURHKD,60 | Sell
indicator | TrendsFollowers @ GBPPLN,60 | Sell
indicator | TrendsFollowers @ GBPPLN,60 | Sell
indicator | TrendsFollowers @ EURHKD,60 | Sell
indicator | TrendsFollowers @ EURHKD,60 | Sell
indicator | TrendsFollowers @ EURHKD,60 | Sell
indicator | TrendsFollowers @ EURHKD,60 | Sell
indicator | TrendsFollowers @ EURHKD,60 | Sell
indicator | TrendsFollowers @ GBPUSD,60 | Buy
indicator | TrendsFollowers @ EURGBP,60 | Buy
indicator | TrendsFollowers @ EURGBP,60 | Buy
indicator | TrendsFollowers @ EURNOK,60 | Buy
indicator | TrendsFollowers @ EURNOK,60 | Buy
indicator | TrendsFollowers @ EURNOK,60 | Buy
indicator | TrendsFollowers @ EURNOK,60 | Buy
indicator | TrendsFollowers @ EURHUF,60 | Sell
indicator | TrendsFollowers @ EURHUF,60 | Sell
indicator | TrendsFollowers @ EURHUF,60 | Buy
indicator | TrendsFollowers @ EURHUF,60 | Buy
indicator | TrendsFollowers @ EURHUF,60 | Buy
indicator | TrendsFollowers @ AUDJPY,60 | Sell
indicator | TrendsFollowers @ AUDJPY,60 | Sell
indicator | TrendsFollowers @ GBPAUD,60 | Buy
indicator | TrendsFollowers @ GBPAUD,60 | Buy
indicator | TrendsFollowers @ EURSGD,60 | Buy
indicator | TrendsFollowers @ EURSGD,60 | Buy
indicator | TrendsFollowers @ EURSGD,60 | Buy
indicator | TrendsFollowers @ EURSGD,60 | Buy
indicator | TrendsFollowers @ EURCHF,60 | Sell
indicator | TrendsFollowers @ EURCHF,60 | Sell
indicator | TrendsFollowers @ EURCHF,60 | Sell
indicator | TrendsFollowers @ GBPPLN,60 | Buy
indicator | TrendsFollowers @ GBPPLN,60 | Buy
indicator | TrendsFollowers @ GBPPLN,60 | Buy
indicator | TrendsFollowers @ GBPPLN,60 | Buy
indicator | TrendsFollowers @ GBPPLN,60 | Buy
indicator | TrendsFollowers @ GBPPLN,60 | Buy
indicator | TrendsFollowers @ GBPPLN,60 | Buy
indicator | TrendsFollowers @ EURCHF,60 | Buy
indicator | TrendsFollowers @ EURCHF,60 | Buy
indicator | TrendsFollowers @ EURCHF,60 | Buy
indicator | TrendsFollowers @ EURCHF,60 | Buy
indicator | TrendsFollowers @ EURCHF,60 | Buy
indicator | TrendsFollowers @ EURUSD,60 | Sell
indicator | TrendsFollowers @ EURUSD,60 | Sell
indicator | TrendsFollowers @ EURNZD,60 | Buy
indicator | TrendsFollowers @ EURNZD,60 | Buy
indicator | TrendsFollowers @ EURNZD,60 | Buy
indicator | TrendsFollowers @ EURNZD,60 | Buy
indicator | TrendsFollowers @ EURSGD,60 | Buy
indicator | TrendsFollowers @ EURSGD,60 | Buy
indicator | TrendsFollowers @ EURSGD,60 | Buy
indicator | TrendsFollowers @ EURSGD,60 | Buy
indicator | TrendsFollowers @ AUDSGD,60 | Buy
indicator | TrendsFollowers @ AUDSGD,60 | Buy
indicator | TrendsFollowers @ GBPUSD,60 | Buy
indicator | TrendsFollowers @ GBPUSD,60 | Buy
indicator | TrendsFollowers @ AUDSGD,60 | Buy
indicator | TrendsFollowers @ AUDSGD,60 | Buy
indicator | TrendsFollowers @ GBPUSD,60 | Buy
indicator | TrendsFollowers @ EURNZD,60 | Buy
indicator | TrendsFollowers @ EURNZD,60 | Buy
indicator | TrendsFollowers @ EURNZD,60 | Buy
indicator | TrendsFollowers @ EURNZD,60 | Buy
indicator | TrendsFollowers @ EURSGD,60 | Buy
indicator | TrendsFollowers @ EURSGD,60 | Buy
indicator | TrendsFollowers @ EURSEK,60 | Sell
indicator | TrendsFollowers @ GBPAUD,60 | Buy
indicator | TrendsFollowers @ GBPUSD,60 | Buy
indicator | TrendsFollowers @ AUDUSD,60 | Buy
indicator | TrendsFollowers @ EURTRY,60 | Buy
indicator | TrendsFollowers @ GBPHKD,60 | Buy
indicator | TrendsFollowers @ EURHKD,60 | Sell
indicator | TrendsFollowers @ EURDKK,60 | Buy
indicator | TrendsFollowers @ EURDKK,60 | Buy
indicator | TrendsFollowers @ EURDKK,60 | Buy
indicator | TrendsFollowers @ AUDNZD,60 | Sell
indicator | TrendsFollowers @ EURDKK,60 | Buy
indicator | TrendsFollowers @ CADJPY,60 | Buy
indicator | TrendsFollowers @ EURCHF,60 | Buy
indicator | TrendsFollowers @ EURUSD,60 | Buy
indicator | TrendsFollowers @ EURCHF,60 | Buy
indicator | TrendsFollowers @ AUDHKD,60 | Buy
indicator | TrendsFollowers @ AUDHKD,60 | Buy
indicator | TrendsFollowers @ AUDCAD,60 | Buy
indicator | TrendsFollowers @ AUDCAD,60 | Buy
indicator | TrendsFollowers @ GBPSGD,60 | Buy
indicator | TrendsFollowers @ GBPSGD,60 | Buy
indicator | TrendsFollowers @ GBPSGD,60 | Buy
indicator | TrendsFollowers @ GBPSGD,60 | Buy
indicator | TrendsFollowers @ CADJPY,60 | Sell
indicator | TrendsFollowers @ CADJPY,60 | Sell
indicator | TrendsFollowers @ CADJPY,60 | Sell
indicator | TrendsFollowers @ CADJPY,60 | Sell
indicator | TrendsFollowers @ CADJPY,60 | Sell
indicator | TrendsFollowers @ CADJPY,60 | Sell
indicator | TrendsFollowers @ AUDCAD,60 | Buy
indicator | TrendsFollowers @ AUDCAD,60 | Buy
indicator | TrendsFollowers @ NZDUSD,60 | Sell
indicator | TrendsFollowers @ NZDUSD,60 | Sell
indicator | TrendsFollowers @ NZDUSD,60 | Sell
indicator | TrendsFollowers @ EURAUD,60 | Buy
